-- phpMyAdmin SQL Dump
-- version 4.8.5
-- https://www.phpmyadmin.net/
--
-- Host: 127.0.0.1
-- Generation Time: 27-Out-2021 às 14:35
-- Versão do servidor: 10.1.38-MariaDB
-- versão do PHP: 5.6.40

SET SQL_MODE = "NO_AUTO_VALUE_ON_ZERO";
SET AUTOCOMMIT = 0;
START TRANSACTION;
SET time_zone = "+00:00";


/*!40101 SET @OLD_CHARACTER_SET_CLIENT=@@CHARACTER_SET_CLIENT */;
/*!40101 SET @OLD_CHARACTER_SET_RESULTS=@@CHARACTER_SET_RESULTS */;
/*!40101 SET @OLD_COLLATION_CONNECTION=@@COLLATION_CONNECTION */;
/*!40101 SET NAMES utf8mb4 */;

--
-- Database: `ordem`
--

-- --------------------------------------------------------

--
-- Estrutura da tabela `categorias`
--

CREATE TABLE `categorias` (
  `categoria_id` int(11) NOT NULL,
  `categoria_nome` varchar(45) NOT NULL,
  `categoria_ativa` tinyint(1) DEFAULT NULL,
  `categoria_data_alteracao` timestamp NULL DEFAULT CURRENT_TIMESTAMP ON UPDATE CURRENT_TIMESTAMP
) ENGINE=InnoDB DEFAULT CHARSET=latin1;

--
-- Extraindo dados da tabela `categorias`
--

INSERT INTO `categorias` (`categoria_id`, `categoria_nome`, `categoria_ativa`, `categoria_data_alteracao`) VALUES
(1, 'Games', 1, '2021-07-25 04:03:53'),
(2, 'Eletrônicos', 0, '2021-07-26 18:08:50');

-- --------------------------------------------------------

--
-- Estrutura da tabela `clientes`
--

CREATE TABLE `clientes` (
  `cliente_id` int(11) NOT NULL,
  `cliente_data_cadastro` timestamp NULL DEFAULT CURRENT_TIMESTAMP,
  `cliente_tipo` tinyint(1) DEFAULT NULL,
  `cliente_nome` varchar(45) NOT NULL,
  `cliente_sobrenome` varchar(150) NOT NULL,
  `cliente_data_nascimento` date NOT NULL,
  `cliente_cpf_cnpj` varchar(20) NOT NULL,
  `cliente_rg_ie` varchar(20) NOT NULL,
  `cliente_email` varchar(50) NOT NULL,
  `cliente_telefone` varchar(20) NOT NULL,
  `cliente_celular` varchar(20) NOT NULL,
  `cliente_cep` varchar(10) NOT NULL,
  `cliente_endereco` varchar(155) NOT NULL,
  `cliente_numero_endereco` varchar(20) NOT NULL,
  `cliente_bairro` varchar(45) NOT NULL,
  `cliente_complemento` varchar(145) NOT NULL,
  `cliente_cidade` varchar(105) NOT NULL,
  `cliente_estado` varchar(2) NOT NULL,
  `cliente_ativo` tinyint(1) NOT NULL,
  `cliente_obs` tinytext,
  `cliente_data_alteracao` timestamp NULL DEFAULT CURRENT_TIMESTAMP ON UPDATE CURRENT_TIMESTAMP
) ENGINE=InnoDB DEFAULT CHARSET=latin1;

--
-- Extraindo dados da tabela `clientes`
--

INSERT INTO `clientes` (`cliente_id`, `cliente_data_cadastro`, `cliente_tipo`, `cliente_nome`, `cliente_sobrenome`, `cliente_data_nascimento`, `cliente_cpf_cnpj`, `cliente_rg_ie`, `cliente_email`, `cliente_telefone`, `cliente_celular`, `cliente_cep`, `cliente_endereco`, `cliente_numero_endereco`, `cliente_bairro`, `cliente_complemento`, `cliente_cidade`, `cliente_estado`, `cliente_ativo`, `cliente_obs`, `cliente_data_alteracao`) VALUES
(1, '2021-07-28 18:37:05', 1, 'Sophie Maria', 'Teixeira', '1943-01-22', '459.853.838-49', '17.217.971-3', 'sophiemariateixeira_@yahoo.se', '(11) 3911-1657', '(11) 98781-2514', '03423-000', 'Rua Lutécia', '336', 'Vila Carrão', '', 'São Paulo', 'SP', 1, '', '2021-07-28 18:37:05'),
(2, '2021-07-28 18:39:02', 1, 'Isabelly Sabrina', 'Gonçalves', '1974-06-14', '354.579.628-06', '49.044.818-5', 'isabellysabrinagoncalves-87@localiza.com', '(11) 3654-2622', '(11) 99160-6024', '03818-200', 'Rua Anagé', '408', 'Parque Císper', '', 'São Paulo', 'SP', 1, '', '2021-07-28 18:39:02'),
(3, '2021-07-28 18:41:10', 1, 'Rafaela Mariana', 'Barbosa', '1981-03-11', '194.700.838-22', '30.059.337-5', 'rafaelamarianabarbosa@signatreinamentos.com.br', '(17) 3906-1426', '(17) 99196-6608', '15505-058', 'Rua Copacabana', '579', 'Parque Santa Felícia', '', 'Votuporanga', 'SP', 1, '', '2021-07-28 18:41:10');

-- --------------------------------------------------------

--
-- Estrutura da tabela `contas_pagar`
--

CREATE TABLE `contas_pagar` (
  `conta_pagar_id` int(11) NOT NULL,
  `conta_pagar_fornecedor_id` int(11) DEFAULT NULL,
  `conta_pagar_data_vencimento` date DEFAULT NULL,
  `conta_pagar_data_pagamento` datetime DEFAULT NULL,
  `conta_pagar_valor` varchar(15) DEFAULT NULL,
  `conta_pagar_status` tinyint(1) DEFAULT NULL,
  `conta_pagar_obs` tinytext,
  `conta_pagar_data_alteracao` timestamp NULL DEFAULT CURRENT_TIMESTAMP ON UPDATE CURRENT_TIMESTAMP
) ENGINE=InnoDB DEFAULT CHARSET=latin1 COMMENT='		';

--
-- Extraindo dados da tabela `contas_pagar`
--

INSERT INTO `contas_pagar` (`conta_pagar_id`, `conta_pagar_fornecedor_id`, `conta_pagar_data_vencimento`, `conta_pagar_data_pagamento`, `conta_pagar_valor`, `conta_pagar_status`, `conta_pagar_obs`, `conta_pagar_data_alteracao`) VALUES
(3, 1, '2021-07-30', '2021-10-08 00:17:36', '1,000.00', 1, '', '2021-10-08 03:17:36'),
(4, 1, '2021-10-11', NULL, '1,000.00', 0, '', '2021-10-08 03:24:36');

-- --------------------------------------------------------

--
-- Estrutura da tabela `contas_receber`
--

CREATE TABLE `contas_receber` (
  `conta_receber_id` int(11) NOT NULL,
  `conta_receber_cliente_id` int(11) NOT NULL,
  `conta_receber_data_vencimento` date DEFAULT NULL,
  `conta_receber_data_pagamento` datetime DEFAULT NULL,
  `conta_receber_valor` varchar(20) DEFAULT NULL,
  `conta_receber_status` tinyint(1) DEFAULT NULL,
  `conta_receber_obs` tinytext,
  `conta_receber_data_alteracao` timestamp NULL DEFAULT CURRENT_TIMESTAMP ON UPDATE CURRENT_TIMESTAMP
) ENGINE=InnoDB DEFAULT CHARSET=latin1;

--
-- Extraindo dados da tabela `contas_receber`
--

INSERT INTO `contas_receber` (`conta_receber_id`, `conta_receber_cliente_id`, `conta_receber_data_vencimento`, `conta_receber_data_pagamento`, `conta_receber_valor`, `conta_receber_status`, `conta_receber_obs`, `conta_receber_data_alteracao`) VALUES
(1, 1, '2020-02-28', '2021-07-28 16:10:44', '150,226.22', 1, '', '2021-07-28 19:10:44'),
(2, 2, '2020-02-21', '2020-02-28 18:33:19', '350.00', 1, NULL, '2020-02-28 21:33:19'),
(3, 3, '2020-02-28', '2020-02-28 17:22:47', '56.00', 1, NULL, '2020-02-28 20:22:47'),
(4, 3, '2021-07-28', NULL, '100.00', 0, '', '2021-07-28 19:27:18');

-- --------------------------------------------------------

--
-- Estrutura da tabela `formas_pagamentos`
--

CREATE TABLE `formas_pagamentos` (
  `forma_pagamento_id` int(11) NOT NULL,
  `forma_pagamento_nome` varchar(45) DEFAULT NULL,
  `forma_pagamento_aceita_parc` tinyint(1) DEFAULT NULL,
  `forma_pagamento_ativa` tinyint(1) DEFAULT NULL,
  `forma_pagamento_data_alteracao` timestamp NULL DEFAULT CURRENT_TIMESTAMP ON UPDATE CURRENT_TIMESTAMP
) ENGINE=InnoDB DEFAULT CHARSET=latin1;

--
-- Extraindo dados da tabela `formas_pagamentos`
--

INSERT INTO `formas_pagamentos` (`forma_pagamento_id`, `forma_pagamento_nome`, `forma_pagamento_aceita_parc`, `forma_pagamento_ativa`, `forma_pagamento_data_alteracao`) VALUES
(1, 'Cartão de crédito', 1, 1, '2021-07-29 10:39:55'),
(2, 'Dinheiro', 0, 1, '2020-01-29 21:43:54'),
(3, 'Boleto bancário', 1, 1, '2021-07-29 10:40:19'),
(4, 'Boleto', 0, 0, '2021-07-29 19:01:40'),
(5, 'Cartão de débito', 0, 1, '2021-07-29 19:02:19');

-- --------------------------------------------------------

--
-- Estrutura da tabela `fornecedores`
--

CREATE TABLE `fornecedores` (
  `fornecedor_id` int(11) NOT NULL,
  `fornecedor_data_cadastro` timestamp NULL DEFAULT CURRENT_TIMESTAMP,
  `fornecedor_razao` varchar(200) DEFAULT NULL,
  `fornecedor_nome_fantasia` varchar(145) DEFAULT NULL,
  `fornecedor_cnpj` varchar(20) DEFAULT NULL,
  `fornecedor_ie` varchar(20) DEFAULT NULL,
  `fornecedor_telefone` varchar(20) DEFAULT NULL,
  `fornecedor_celular` varchar(20) DEFAULT NULL,
  `fornecedor_email` varchar(100) DEFAULT NULL,
  `fornecedor_contato` varchar(45) DEFAULT NULL,
  `fornecedor_cep` varchar(10) DEFAULT NULL,
  `fornecedor_endereco` varchar(145) DEFAULT NULL,
  `fornecedor_numero_endereco` varchar(20) DEFAULT NULL,
  `fornecedor_bairro` varchar(45) DEFAULT NULL,
  `fornecedor_complemento` varchar(45) DEFAULT NULL,
  `fornecedor_cidade` varchar(45) DEFAULT NULL,
  `fornecedor_estado` varchar(2) DEFAULT NULL,
  `fornecedor_ativo` tinyint(1) DEFAULT NULL,
  `fornecedor_obs` tinytext,
  `fornecedor_data_alteracao` timestamp NULL DEFAULT CURRENT_TIMESTAMP ON UPDATE CURRENT_TIMESTAMP
) ENGINE=InnoDB DEFAULT CHARSET=latin1;

--
-- Extraindo dados da tabela `fornecedores`
--

INSERT INTO `fornecedores` (`fornecedor_id`, `fornecedor_data_cadastro`, `fornecedor_razao`, `fornecedor_nome_fantasia`, `fornecedor_cnpj`, `fornecedor_ie`, `fornecedor_telefone`, `fornecedor_celular`, `fornecedor_email`, `fornecedor_contato`, `fornecedor_cep`, `fornecedor_endereco`, `fornecedor_numero_endereco`, `fornecedor_bairro`, `fornecedor_complemento`, `fornecedor_cidade`, `fornecedor_estado`, `fornecedor_ativo`, `fornecedor_obs`, `fornecedor_data_alteracao`) VALUES
(1, '2021-07-19 15:17:37', 'Geralt Componentes LTDA', 'Nanotech S.A', '74.238.680/0001-12', '181.596.169.287', '(11) 7177-1771', '(11) 91711-7117', 'contato@nanotech.com', 'Vesemir', '13400-001', 'Rua das Tramóias', '171', 'Trambicagem', 'Beco', 'São Paulo', 'SP', 1, 'Bom fornecedor', '2021-07-25 04:39:06');

-- --------------------------------------------------------

--
-- Estrutura da tabela `groups`
--

CREATE TABLE `groups` (
  `id` mediumint(8) UNSIGNED NOT NULL,
  `name` varchar(20) NOT NULL,
  `description` varchar(100) NOT NULL
) ENGINE=InnoDB DEFAULT CHARSET=utf8;

--
-- Extraindo dados da tabela `groups`
--

INSERT INTO `groups` (`id`, `name`, `description`) VALUES
(1, 'admin', 'Administrator'),
(2, 'vendedor', 'Vendedor');

-- --------------------------------------------------------

--
-- Estrutura da tabela `login_attempts`
--

CREATE TABLE `login_attempts` (
  `id` int(11) UNSIGNED NOT NULL,
  `ip_address` varchar(45) NOT NULL,
  `login` varchar(100) NOT NULL,
  `time` int(11) UNSIGNED DEFAULT NULL
) ENGINE=InnoDB DEFAULT CHARSET=utf8;

-- --------------------------------------------------------

--
-- Estrutura da tabela `marcas`
--

CREATE TABLE `marcas` (
  `marca_id` int(11) NOT NULL,
  `marca_nome` varchar(45) NOT NULL,
  `marca_ativa` tinyint(1) DEFAULT NULL,
  `marca_data_alteracao` timestamp NOT NULL DEFAULT '0000-00-00 00:00:00' ON UPDATE CURRENT_TIMESTAMP
) ENGINE=InnoDB DEFAULT CHARSET=latin1;

--
-- Extraindo dados da tabela `marcas`
--

INSERT INTO `marcas` (`marca_id`, `marca_nome`, `marca_ativa`, `marca_data_alteracao`) VALUES
(1, 'Multilaser', 1, '2021-07-25 04:03:13'),
(2, 'HP', 0, '2021-07-26 18:08:42');

-- --------------------------------------------------------

--
-- Estrutura da tabela `ordem_tem_servicos`
--

CREATE TABLE `ordem_tem_servicos` (
  `ordem_ts_id` int(11) NOT NULL,
  `ordem_ts_id_servico` int(11) DEFAULT NULL,
  `ordem_ts_id_ordem_servico` int(11) DEFAULT NULL,
  `ordem_ts_quantidade` int(11) DEFAULT NULL,
  `ordem_ts_valor_unitario` varchar(45) DEFAULT NULL,
  `ordem_ts_valor_desconto` varchar(45) DEFAULT NULL,
  `ordem_ts_valor_total` varchar(45) DEFAULT NULL
) ENGINE=InnoDB DEFAULT CHARSET=latin1 COMMENT='Tabela de relacionamento entre as tabelas servicos e ordem_servico';

--
-- Extraindo dados da tabela `ordem_tem_servicos`
--

INSERT INTO `ordem_tem_servicos` (`ordem_ts_id`, `ordem_ts_id_servico`, `ordem_ts_id_ordem_servico`, `ordem_ts_quantidade`, `ordem_ts_valor_unitario`, `ordem_ts_valor_desconto`, `ordem_ts_valor_total`) VALUES
(1, 3, 1, 2, ' 120.00', '0 ', ' 240.00'),
(2, 3, 2, 1, ' 120.00', '0 ', ' 120.00'),
(3, 2, 2, 2, ' 80.00', '0 ', ' 160.00'),
(5, 2, 3, 1, ' 80.00', '0 ', ' 80.00'),
(6, 1, 4, 1, ' 50.00', '0 ', ' 50.00'),
(7, 3, 4, 1, ' 120.00', '0 ', ' 120.00'),
(8, 2, 5, 1, ' 80.00', '2 ', ' 78.40'),
(9, 3, 5, 1, ' 120.00', '2 ', ' 117.60');

-- --------------------------------------------------------

--
-- Estrutura da tabela `ordens_servicos`
--

CREATE TABLE `ordens_servicos` (
  `ordem_servico_id` int(11) NOT NULL,
  `ordem_servico_forma_pagamento_id` int(11) DEFAULT NULL,
  `ordem_servico_cliente_id` int(11) DEFAULT NULL,
  `ordem_servico_data_emissao` timestamp NULL DEFAULT CURRENT_TIMESTAMP,
  `ordem_servico_data_conclusao` varchar(100) DEFAULT NULL,
  `ordem_servico_equipamento` varchar(80) DEFAULT NULL,
  `ordem_servico_marca_equipamento` varchar(80) DEFAULT NULL,
  `ordem_servico_modelo_equipamento` varchar(80) DEFAULT NULL,
  `ordem_servico_acessorios` tinytext,
  `ordem_servico_defeito` tinytext,
  `ordem_servico_valor_desconto` varchar(25) DEFAULT NULL,
  `ordem_servico_valor_total` varchar(25) DEFAULT NULL,
  `ordem_servico_status` tinyint(1) DEFAULT NULL,
  `ordem_servico_obs` tinytext,
  `ordem_servico_data_alteracao` timestamp NULL DEFAULT NULL ON UPDATE CURRENT_TIMESTAMP
) ENGINE=InnoDB DEFAULT CHARSET=latin1;

--
-- Extraindo dados da tabela `ordens_servicos`
--

INSERT INTO `ordens_servicos` (`ordem_servico_id`, `ordem_servico_forma_pagamento_id`, `ordem_servico_cliente_id`, `ordem_servico_data_emissao`, `ordem_servico_data_conclusao`, `ordem_servico_equipamento`, `ordem_servico_marca_equipamento`, `ordem_servico_modelo_equipamento`, `ordem_servico_acessorios`, `ordem_servico_defeito`, `ordem_servico_valor_desconto`, `ordem_servico_valor_total`, `ordem_servico_status`, `ordem_servico_obs`, `ordem_servico_data_alteracao`) VALUES
(1, NULL, 1, '2021-10-08 19:43:30', NULL, 'Notebook HP', 'HP', '1000-1460BR', 'Carregador e mouse', 'Problemas na placa', 'R$ 0.00', '240.00', 0, '', NULL),
(2, NULL, 2, '2021-10-08 19:45:04', NULL, 'Smart TV', 'Panasonic', 'M1', 'Cabo de energia e controle remoto', 'Manchas na tela', 'R$ 0.00', '280.00', 0, '', NULL),
(3, 2, 3, '2021-10-08 19:45:42', NULL, 'Notebook HP', 'HP', '1000-1460BR', 'Carregador e mouse', 'Mal contato na tela', 'R$ 0.00', '80.00', 1, '', '2021-10-08 19:46:13'),
(4, NULL, 2, '2021-10-08 19:56:39', NULL, 'Notebook HP', 'HP', '1000-1460BR', 'Carregador e mouse', 'Problemas diversos', 'R$ 0.00', '170.00', 0, '', NULL),
(5, NULL, 2, '2021-10-10 17:54:51', NULL, 'PC sem marca', 'sem marca', 'sem modelo', 'sem acessórios', 'Não liga', 'R$ 4.00', '196.00', 0, 'Cliente aguarda retorno', NULL);

-- --------------------------------------------------------

--
-- Estrutura da tabela `produtos`
--

CREATE TABLE `produtos` (
  `produto_id` int(11) NOT NULL,
  `produto_codigo` varchar(45) DEFAULT NULL,
  `produto_data_cadastro` datetime DEFAULT NULL,
  `produto_categoria_id` int(11) NOT NULL,
  `produto_marca_id` int(11) NOT NULL,
  `produto_fornecedor_id` int(11) NOT NULL,
  `produto_descricao` varchar(145) DEFAULT NULL,
  `produto_unidade` varchar(25) DEFAULT NULL,
  `produto_codigo_barras` varchar(45) DEFAULT NULL,
  `produto_preco_custo` varchar(45) DEFAULT NULL,
  `produto_preco_venda` varchar(45) DEFAULT NULL,
  `produto_estoque_minimo` varchar(10) DEFAULT NULL,
  `produto_qtde_estoque` varchar(10) DEFAULT NULL,
  `produto_ativo` tinyint(1) DEFAULT NULL,
  `produto_obs` tinytext,
  `produto_data_alteracao` timestamp NOT NULL DEFAULT '0000-00-00 00:00:00' ON UPDATE CURRENT_TIMESTAMP
) ENGINE=InnoDB DEFAULT CHARSET=latin1;

--
-- Extraindo dados da tabela `produtos`
--

INSERT INTO `produtos` (`produto_id`, `produto_codigo`, `produto_data_cadastro`, `produto_categoria_id`, `produto_marca_id`, `produto_fornecedor_id`, `produto_descricao`, `produto_unidade`, `produto_codigo_barras`, `produto_preco_custo`, `produto_preco_venda`, `produto_estoque_minimo`, `produto_qtde_estoque`, `produto_ativo`, `produto_obs`, `produto_data_alteracao`) VALUES
(1, '72495380', NULL, 1, 1, 1, 'Notebook gamer', 'UN', '4545', '1.800,00', '15.031,00', '5', '10', 1, 'Produto esgotado.', '2021-07-26 18:09:46'),
(2, '50412637', NULL, 1, 1, 1, 'Fone de ouvido gamer', 'UN', '9999', '112,00', '125.844,00', '1', '46', 1, '', '2020-02-21 00:45:57'),
(3, '41697502', NULL, 1, 1, 1, 'Mouse usb', 'UN', '9999', '9,99', '15,22', '2', '3', 1, '', '2020-02-22 00:46:57');

-- --------------------------------------------------------

--
-- Estrutura da tabela `servicos`
--

CREATE TABLE `servicos` (
  `servico_id` int(11) NOT NULL,
  `servico_nome` varchar(145) DEFAULT NULL,
  `servico_preco` varchar(15) DEFAULT NULL,
  `servico_descricao` tinytext,
  `servico_ativo` tinyint(1) DEFAULT NULL,
  `servico_data_alteracao` timestamp NULL DEFAULT CURRENT_TIMESTAMP ON UPDATE CURRENT_TIMESTAMP
) ENGINE=InnoDB DEFAULT CHARSET=latin1;

--
-- Extraindo dados da tabela `servicos`
--

INSERT INTO `servicos` (`servico_id`, `servico_nome`, `servico_preco`, `servico_descricao`, `servico_ativo`, `servico_data_alteracao`) VALUES
(1, 'Limpeza geral', '50,00', 'Lorem Ipsum é simplesmente uma simulação de texto da indústria tipográfica e de impressos, e vem sendo utilizado desde o século XVI, quando um impressor desconhecido pegou uma bandeja de tipos e os embaralhou para fazer um livro de modelos de tipos. Lorem', 1, '2020-02-22 01:22:20'),
(2, 'Solda elétrica', '80,00', 'Solda elétrica', 1, '2021-09-19 17:52:01'),
(3, 'Restauração de componentes', '120,00', 'Restauração de componentes', 1, '2020-02-13 22:11:29');

-- --------------------------------------------------------

--
-- Estrutura da tabela `sistema`
--

CREATE TABLE `sistema` (
  `sistema_id` int(11) NOT NULL,
  `sistema_razao_social` varchar(145) DEFAULT NULL,
  `sistema_nome_fantasia` varchar(145) DEFAULT NULL,
  `sistema_cnpj` varchar(25) DEFAULT NULL,
  `sistema_ie` varchar(25) DEFAULT NULL,
  `sistema_telefone_fixo` varchar(25) DEFAULT NULL,
  `sistema_telefone_movel` varchar(25) NOT NULL,
  `sistema_email` varchar(100) DEFAULT NULL,
  `sistema_site_url` varchar(100) DEFAULT NULL,
  `sistema_cep` varchar(25) DEFAULT NULL,
  `sistema_endereco` varchar(145) DEFAULT NULL,
  `sistema_numero` varchar(25) DEFAULT NULL,
  `sistema_cidade` varchar(45) DEFAULT NULL,
  `sistema_estado` varchar(2) DEFAULT NULL,
  `sistema_txt_ordem_servico` tinytext,
  `sistema_data_alteracao` timestamp NULL DEFAULT CURRENT_TIMESTAMP ON UPDATE CURRENT_TIMESTAMP
) ENGINE=InnoDB DEFAULT CHARSET=latin1;

--
-- Extraindo dados da tabela `sistema`
--

INSERT INTO `sistema` (`sistema_id`, `sistema_razao_social`, `sistema_nome_fantasia`, `sistema_cnpj`, `sistema_ie`, `sistema_telefone_fixo`, `sistema_telefone_movel`, `sistema_email`, `sistema_site_url`, `sistema_cep`, `sistema_endereco`, `sistema_numero`, `sistema_cidade`, `sistema_estado`, `sistema_txt_ordem_servico`, `sistema_data_alteracao`) VALUES
(1, 'GRUPO7 Systems S.A', 'S.O.S ASSISTEC', '04.182.944/0001-88', '487.547.065.850', '(11) 7177-1771', '(11) 91711-7117', 'contato@grupo7systems.com', 'http://localhost/ordem/home', '80429-000', 'Rua dos Devs', '1337', 'São Paulo', 'SP', '', '2021-09-29 19:01:11');

-- --------------------------------------------------------

--
-- Estrutura da tabela `users`
--

CREATE TABLE `users` (
  `id` int(11) UNSIGNED NOT NULL,
  `ip_address` varchar(45) NOT NULL,
  `username` varchar(100) DEFAULT NULL,
  `password` varchar(255) NOT NULL,
  `email` varchar(254) NOT NULL,
  `activation_selector` varchar(255) DEFAULT NULL,
  `activation_code` varchar(255) DEFAULT NULL,
  `forgotten_password_selector` varchar(255) DEFAULT NULL,
  `forgotten_password_code` varchar(255) DEFAULT NULL,
  `forgotten_password_time` int(11) UNSIGNED DEFAULT NULL,
  `remember_selector` varchar(255) DEFAULT NULL,
  `remember_code` varchar(255) DEFAULT NULL,
  `created_on` int(11) UNSIGNED NOT NULL,
  `last_login` int(11) UNSIGNED DEFAULT NULL,
  `active` tinyint(1) UNSIGNED DEFAULT NULL,
  `first_name` varchar(50) DEFAULT NULL,
  `last_name` varchar(50) DEFAULT NULL,
  `company` varchar(100) DEFAULT NULL,
  `phone` varchar(20) DEFAULT NULL
) ENGINE=InnoDB DEFAULT CHARSET=utf8;

--
-- Extraindo dados da tabela `users`
--

INSERT INTO `users` (`id`, `ip_address`, `username`, `password`, `email`, `activation_selector`, `activation_code`, `forgotten_password_selector`, `forgotten_password_code`, `forgotten_password_time`, `remember_selector`, `remember_code`, `created_on`, `last_login`, `active`, `first_name`, `last_name`, `company`, `phone`) VALUES
(1, '127.0.0.1', 'administrator', '$2y$10$qQqzazpHtpv.zRQ3ptv/zevgO2MK8TivtFGN99UbNXG6Z2sKu944S', 'admin@admin.com', NULL, '', NULL, NULL, NULL, NULL, NULL, 1268889823, 1635311194, 1, 'Admin', 'istrator', 'ADMIN', '0'),
(2, '::1', 'lucas', '$2y$10$tehluxjVf4c1GvS3w1SobOpSYbaUPxncu5z7OGschLkVJpN5vKHK.', 'lucas@grupo7systems.com', NULL, NULL, NULL, NULL, NULL, NULL, NULL, 1632795351, 1632939161, 1, 'Lucas', 'Andrade', NULL, NULL),
(3, '::1', 'teste', '$2y$10$Yt9pg6OEWGGkTnbu9UggauNqr4kDamBN13tzRKSZhW/gBKTe6l6Xu', 'teste@tester.com', NULL, NULL, NULL, NULL, NULL, NULL, NULL, 1633887925, NULL, 1, 'Teste', 'Tester', NULL, NULL);

-- --------------------------------------------------------

--
-- Estrutura da tabela `users_groups`
--

CREATE TABLE `users_groups` (
  `id` int(11) UNSIGNED NOT NULL,
  `user_id` int(11) UNSIGNED NOT NULL,
  `group_id` mediumint(8) UNSIGNED NOT NULL
) ENGINE=InnoDB DEFAULT CHARSET=utf8;

--
-- Extraindo dados da tabela `users_groups`
--

INSERT INTO `users_groups` (`id`, `user_id`, `group_id`) VALUES
(6, 1, 1),
(9, 2, 2),
(10, 3, 2);

-- --------------------------------------------------------

--
-- Estrutura da tabela `vendedores`
--

CREATE TABLE `vendedores` (
  `vendedor_id` int(11) NOT NULL,
  `vendedor_codigo` varchar(10) NOT NULL,
  `vendedor_data_cadastro` timestamp NULL DEFAULT CURRENT_TIMESTAMP,
  `vendedor_nome_completo` varchar(145) NOT NULL,
  `vendedor_cpf` varchar(25) NOT NULL,
  `vendedor_rg` varchar(25) NOT NULL,
  `vendedor_telefone` varchar(15) DEFAULT NULL,
  `vendedor_celular` varchar(15) DEFAULT NULL,
  `vendedor_email` varchar(45) DEFAULT NULL,
  `vendedor_cep` varchar(15) DEFAULT NULL,
  `vendedor_endereco` varchar(45) DEFAULT NULL,
  `vendedor_numero_endereco` varchar(25) DEFAULT NULL,
  `vendedor_complemento` varchar(45) DEFAULT NULL,
  `vendedor_bairro` varchar(45) DEFAULT NULL,
  `vendedor_cidade` varchar(45) DEFAULT NULL,
  `vendedor_estado` varchar(2) DEFAULT NULL,
  `vendedor_ativo` tinyint(1) DEFAULT NULL,
  `vendedor_obs` tinytext,
  `vendedor_data_alteracao` timestamp NULL DEFAULT CURRENT_TIMESTAMP ON UPDATE CURRENT_TIMESTAMP
) ENGINE=InnoDB DEFAULT CHARSET=latin1;

--
-- Extraindo dados da tabela `vendedores`
--

INSERT INTO `vendedores` (`vendedor_id`, `vendedor_codigo`, `vendedor_data_cadastro`, `vendedor_nome_completo`, `vendedor_cpf`, `vendedor_rg`, `vendedor_telefone`, `vendedor_celular`, `vendedor_email`, `vendedor_cep`, `vendedor_endereco`, `vendedor_numero_endereco`, `vendedor_complemento`, `vendedor_bairro`, `vendedor_cidade`, `vendedor_estado`, `vendedor_ativo`, `vendedor_obs`, `vendedor_data_alteracao`) VALUES
(3, '42975680', '2021-07-22 03:17:49', 'Cirilla Fiona Ellen Riannon. Zireael', '005.253.390-51', '33.110.836-7', '(11) 4557-7554', '(11) 95115-2255', 'ciri@vend.com', '13717-000', 'Rua da Cintra', '717', 'Castelo', 'Nilfgard', 'São Paulo', 'SP', 1, 'Herdeira do trono', '2021-07-22 03:18:05');

--
-- Indexes for dumped tables
--

--
-- Indexes for table `categorias`
--
ALTER TABLE `categorias`
  ADD PRIMARY KEY (`categoria_id`);

--
-- Indexes for table `clientes`
--
ALTER TABLE `clientes`
  ADD PRIMARY KEY (`cliente_id`);

--
-- Indexes for table `contas_pagar`
--
ALTER TABLE `contas_pagar`
  ADD PRIMARY KEY (`conta_pagar_id`),
  ADD KEY `fk_conta_pagar_id_fornecedor` (`conta_pagar_fornecedor_id`);

--
-- Indexes for table `contas_receber`
--
ALTER TABLE `contas_receber`
  ADD PRIMARY KEY (`conta_receber_id`),
  ADD KEY `fk_conta_receber_id_cliente` (`conta_receber_cliente_id`);

--
-- Indexes for table `formas_pagamentos`
--
ALTER TABLE `formas_pagamentos`
  ADD PRIMARY KEY (`forma_pagamento_id`);

--
-- Indexes for table `fornecedores`
--
ALTER TABLE `fornecedores`
  ADD PRIMARY KEY (`fornecedor_id`);

--
-- Indexes for table `groups`
--
ALTER TABLE `groups`
  ADD PRIMARY KEY (`id`);

--
-- Indexes for table `login_attempts`
--
ALTER TABLE `login_attempts`
  ADD PRIMARY KEY (`id`);

--
-- Indexes for table `marcas`
--
ALTER TABLE `marcas`
  ADD PRIMARY KEY (`marca_id`);

--
-- Indexes for table `ordem_tem_servicos`
--
ALTER TABLE `ordem_tem_servicos`
  ADD PRIMARY KEY (`ordem_ts_id`),
  ADD KEY `fk_ordem_ts_id_servico` (`ordem_ts_id_servico`),
  ADD KEY `fk_ordem_ts_id_ordem_servico` (`ordem_ts_id_ordem_servico`);

--
-- Indexes for table `ordens_servicos`
--
ALTER TABLE `ordens_servicos`
  ADD PRIMARY KEY (`ordem_servico_id`),
  ADD KEY `fk_ordem_servico_id_cliente` (`ordem_servico_cliente_id`),
  ADD KEY `fk_ordem_servico_id_forma_pagto` (`ordem_servico_forma_pagamento_id`);

--
-- Indexes for table `produtos`
--
ALTER TABLE `produtos`
  ADD PRIMARY KEY (`produto_id`),
  ADD KEY `produto_categoria_id` (`produto_categoria_id`,`produto_marca_id`,`produto_fornecedor_id`),
  ADD KEY `fk_produto_marca_id` (`produto_marca_id`),
  ADD KEY `fk_produto_forncedor_id` (`produto_fornecedor_id`);

--
-- Indexes for table `servicos`
--
ALTER TABLE `servicos`
  ADD PRIMARY KEY (`servico_id`);

--
-- Indexes for table `sistema`
--
ALTER TABLE `sistema`
  ADD PRIMARY KEY (`sistema_id`);

--
-- Indexes for table `users`
--
ALTER TABLE `users`
  ADD PRIMARY KEY (`id`),
  ADD UNIQUE KEY `uc_email` (`email`),
  ADD UNIQUE KEY `uc_activation_selector` (`activation_selector`),
  ADD UNIQUE KEY `uc_forgotten_password_selector` (`forgotten_password_selector`),
  ADD UNIQUE KEY `uc_remember_selector` (`remember_selector`);

--
-- Indexes for table `users_groups`
--
ALTER TABLE `users_groups`
  ADD PRIMARY KEY (`id`),
  ADD UNIQUE KEY `uc_users_groups` (`user_id`,`group_id`),
  ADD KEY `fk_users_groups_users1_idx` (`user_id`),
  ADD KEY `fk_users_groups_groups1_idx` (`group_id`);

--
-- Indexes for table `vendedores`
--
ALTER TABLE `vendedores`
  ADD PRIMARY KEY (`vendedor_id`);

--
-- AUTO_INCREMENT for dumped tables
--

--
-- AUTO_INCREMENT for table `categorias`
--
ALTER TABLE `categorias`
  MODIFY `categoria_id` int(11) NOT NULL AUTO_INCREMENT, AUTO_INCREMENT=3;

--
-- AUTO_INCREMENT for table `clientes`
--
ALTER TABLE `clientes`
  MODIFY `cliente_id` int(11) NOT NULL AUTO_INCREMENT, AUTO_INCREMENT=4;

--
-- AUTO_INCREMENT for table `contas_pagar`
--
ALTER TABLE `contas_pagar`
  MODIFY `conta_pagar_id` int(11) NOT NULL AUTO_INCREMENT, AUTO_INCREMENT=5;

--
-- AUTO_INCREMENT for table `contas_receber`
--
ALTER TABLE `contas_receber`
  MODIFY `conta_receber_id` int(11) NOT NULL AUTO_INCREMENT, AUTO_INCREMENT=5;

--
-- AUTO_INCREMENT for table `formas_pagamentos`
--
ALTER TABLE `formas_pagamentos`
  MODIFY `forma_pagamento_id` int(11) NOT NULL AUTO_INCREMENT, AUTO_INCREMENT=6;

--
-- AUTO_INCREMENT for table `fornecedores`
--
ALTER TABLE `fornecedores`
  MODIFY `fornecedor_id` int(11) NOT NULL AUTO_INCREMENT, AUTO_INCREMENT=2;

--
-- AUTO_INCREMENT for table `groups`
--
ALTER TABLE `groups`
  MODIFY `id` mediumint(8) UNSIGNED NOT NULL AUTO_INCREMENT, AUTO_INCREMENT=3;

--
-- AUTO_INCREMENT for table `login_attempts`
--
ALTER TABLE `login_attempts`
  MODIFY `id` int(11) UNSIGNED NOT NULL AUTO_INCREMENT;

--
-- AUTO_INCREMENT for table `marcas`
--
ALTER TABLE `marcas`
  MODIFY `marca_id` int(11) NOT NULL AUTO_INCREMENT, AUTO_INCREMENT=3;

--
-- AUTO_INCREMENT for table `ordem_tem_servicos`
--
ALTER TABLE `ordem_tem_servicos`
  MODIFY `ordem_ts_id` int(11) NOT NULL AUTO_INCREMENT, AUTO_INCREMENT=10;

--
-- AUTO_INCREMENT for table `ordens_servicos`
--
ALTER TABLE `ordens_servicos`
  MODIFY `ordem_servico_id` int(11) NOT NULL AUTO_INCREMENT, AUTO_INCREMENT=6;

--
-- AUTO_INCREMENT for table `produtos`
--
ALTER TABLE `produtos`
  MODIFY `produto_id` int(11) NOT NULL AUTO_INCREMENT, AUTO_INCREMENT=4;

--
-- AUTO_INCREMENT for table `servicos`
--
ALTER TABLE `servicos`
  MODIFY `servico_id` int(11) NOT NULL AUTO_INCREMENT, AUTO_INCREMENT=4;

--
-- AUTO_INCREMENT for table `sistema`
--
ALTER TABLE `sistema`
  MODIFY `sistema_id` int(11) NOT NULL AUTO_INCREMENT, AUTO_INCREMENT=2;

--
-- AUTO_INCREMENT for table `users`
--
ALTER TABLE `users`
  MODIFY `id` int(11) UNSIGNED NOT NULL AUTO_INCREMENT, AUTO_INCREMENT=4;

--
-- AUTO_INCREMENT for table `users_groups`
--
ALTER TABLE `users_groups`
  MODIFY `id` int(11) UNSIGNED NOT NULL AUTO_INCREMENT, AUTO_INCREMENT=11;

--
-- AUTO_INCREMENT for table `vendedores`
--
ALTER TABLE `vendedores`
  MODIFY `vendedor_id` int(11) NOT NULL AUTO_INCREMENT, AUTO_INCREMENT=4;

--
-- Constraints for dumped tables
--

--
-- Limitadores para a tabela `contas_pagar`
--
ALTER TABLE `contas_pagar`
  ADD CONSTRAINT `fk_conta_pagar_id_fornecedor` FOREIGN KEY (`conta_pagar_fornecedor_id`) REFERENCES `fornecedores` (`fornecedor_id`);

--
-- Limitadores para a tabela `contas_receber`
--
ALTER TABLE `contas_receber`
  ADD CONSTRAINT `fk_conta_receber_id_cliente` FOREIGN KEY (`conta_receber_cliente_id`) REFERENCES `clientes` (`cliente_id`);

--
-- Limitadores para a tabela `ordem_tem_servicos`
--
ALTER TABLE `ordem_tem_servicos`
  ADD CONSTRAINT `fk_ordem_ts_id_ordem_servico` FOREIGN KEY (`ordem_ts_id_ordem_servico`) REFERENCES `ordens_servicos` (`ordem_servico_id`) ON DELETE CASCADE,
  ADD CONSTRAINT `fk_ordem_ts_id_servico` FOREIGN KEY (`ordem_ts_id_servico`) REFERENCES `servicos` (`servico_id`);

--
-- Limitadores para a tabela `ordens_servicos`
--
ALTER TABLE `ordens_servicos`
  ADD CONSTRAINT `fk_ordem_servico_id_cliente` FOREIGN KEY (`ordem_servico_cliente_id`) REFERENCES `clientes` (`cliente_id`),
  ADD CONSTRAINT `fk_ordem_servico_id_forma_pagto` FOREIGN KEY (`ordem_servico_forma_pagamento_id`) REFERENCES `formas_pagamentos` (`forma_pagamento_id`);

--
-- Limitadores para a tabela `produtos`
--
ALTER TABLE `produtos`
  ADD CONSTRAINT `fk_produto_cat_id` FOREIGN KEY (`produto_categoria_id`) REFERENCES `categorias` (`categoria_id`),
  ADD CONSTRAINT `fk_produto_forncedor_id` FOREIGN KEY (`produto_fornecedor_id`) REFERENCES `fornecedores` (`fornecedor_id`),
  ADD CONSTRAINT `fk_produto_marca_id` FOREIGN KEY (`produto_marca_id`) REFERENCES `marcas` (`marca_id`);

--
-- Limitadores para a tabela `users_groups`
--
ALTER TABLE `users_groups`
  ADD CONSTRAINT `fk_users_groups_groups1` FOREIGN KEY (`group_id`) REFERENCES `groups` (`id`) ON DELETE CASCADE ON UPDATE NO ACTION,
  ADD CONSTRAINT `fk_users_groups_users1` FOREIGN KEY (`user_id`) REFERENCES `users` (`id`) ON DELETE CASCADE ON UPDATE NO ACTION;
COMMIT;

/*!40101 SET CHARACTER_SET_CLIENT=@OLD_CHARACTER_SET_CLIENT */;
/*!40101 SET CHARACTER_SET_RESULTS=@OLD_CHARACTER_SET_RESULTS */;
/*!40101 SET COLLATION_CONNECTION=@OLD_COLLATION_CONNECTION */;
